[SPUDSHED, BALDIVIS, TRUCK1]
[IGA, EAST VIC PARK, TRUCK2]
[IGA, EAST VIC PARK, TRUCK2]
[SPUDSHED, BUTLER, TRUCK1]
[WOODLANDS FRESH FARMER JACKS, WOODLANDS, TRUCK2]
[IGA, EAST VIC PARK, TRUCK2]
[IGA, MIDLAND, TRUCK3]
[IGA, ASHBY, TRUCK1]
[SPUDSHED, BUTLER, TRUCK1]
[WOODLANDS FRESH FARMER JACKS, WOODLANDS, TRUCK2]
[IGA, ASHBY, TRUCK1]
[IGA, MIDLAND, TRUCK3]
[IGA, ASHBY, TRUCK1]
[IGA, ASHBY, TRUCK1]
[WOODLANDS FRESH FARMER JACKS, WOODLANDS, TRUCK2]
[IGA, EAST VIC PARK, TRUCK2]
[IGA, ASHBY, TRUCK1]
[IGA, ASHBY, TRUCK1]
[SPUDSHED, BUTLER, TRUCK1]
[SPUDSHED, BALDIVIS, TRUCK1]
[IGA, ASHBY, TRUCK1]
[IGA, ASHBY, TRUCK1]
[SPUDSHED, BUTLER, TRUCK1]
[SPUDSHED, BUTLER, TRUCK1]
[WOODLANDS FRESH FARMER JACKS, WOODLANDS, TRUCK2]
[SPUDSHED, BUTLER, TRUCK1]
[SPUDSHED, BALDIVIS, TRUCK1]
[IGA, ASHBY, TRUCK1]
[SPUDSHED, BUTLER, TRUCK1]
[SPUDSHED, BUTLER, TRUCK1]
[SPUDSHED, BUTLER, TRUCK1]
[IGA, MIDLAND, TRUCK3]
[IGA, EAST VIC PARK, TRUCK2]
[SPUDSHED, BALDIVIS, TRUCK1]
[IGA, MIDLAND, TRUCK3]
[IGA, EAST VIC PARK, TRUCK2]
[IGA, ASHBY, TRUCK1]
[IGA, EAST VIC PARK, TRUCK2]
[WOODLANDS FRESH FARMER JACKS, WOODLANDS, TRUCK2]
[IGA, EAST VIC PARK, TRUCK2]
[IGA, ASHBY, TRUCK1]
[IGA, ASHBY, TRUCK1]
[IGA, ASHBY, TRUCK1]
[SPUDSHED, BALDIVIS, TRUCK1]
[IGA, MIDLAND, TRUCK3]
[IGA, ASHBY, TRUCK1]
[IGA, MIDLAND, TRUCK3]
[IGA, ASHBY, TRUCK1]
[SPUDSHED, BALDIVIS, TRUCK1]
[IGA, ASHBY, TRUCK1]
[SPUDSHED, BALDIVIS, TRUCK1]
[IGA, ASHBY, TRUCK1]
[IGA, ASHBY, TRUCK1]
[IGA, EAST VIC PARK, TRUCK2]
[IGA, MIDLAND, TRUCK3]
[IGA, ASHBY, TRUCK1]
[WOODLANDS FRESH FARMER JACKS, WOODLANDS, TRUCK2]
[SPUDSHED, BUTLER, TRUCK1]
[WOODLANDS FRESH FARMER JACKS, WOODLANDS, TRUCK2]
[WOODLANDS FRESH FARMER JACKS, WOODLANDS, TRUCK2]
[IGA, EAST VIC PARK, TRUCK2]
[IGA, MIDLAND, TRUCK3]
[IGA, EAST VIC PARK, TRUCK2]
[IGA, MIDLAND, TRUCK3]
[IGA, EAST VIC PARK, TRUCK2]
[WOODLANDS FRESH FARMER JACKS, WOODLANDS, TRUCK2]
[WOODLANDS FRESH FARMER JACKS, WOODLANDS, TRUCK2]
[SPUDSHED, BUTLER, TRUCK1]
[SPUDSHED, BUTLER, TRUCK1]
[IGA, EAST VIC PARK, TRUCK2]
[IGA, MIDLAND, TRUCK3]
[IGA, ASHBY, TRUCK1]
[IGA, EAST VIC PARK, TRUCK2]
[IGA, MIDLAND, TRUCK3]
[WOODLANDS FRESH FARMER JACKS, WOODLANDS, TRUCK2]
[IGA, EAST VIC PARK, TRUCK2]
[IGA, MIDLAND, TRUCK3]
[IGA, ASHBY, TRUCK1]
[SPUDSHED, BALDIVIS, TRUCK1]
[IGA, ASHBY, TRUCK1]
[IGA, MIDLAND, TRUCK3]
[WOODLANDS FRESH FARMER JACKS, WOODLANDS, TRUCK2]
[IGA, ASHBY, TRUCK1]
[IGA, EAST VIC PARK, TRUCK2]
[SPUDSHED, BUTLER, TRUCK1]
[WOODLANDS FRESH FARMER JACKS, WOODLANDS, TRUCK2]
[IGA, ASHBY, TRUCK1]
[WOODLANDS FRESH FARMER JACKS, WOODLANDS, TRUCK2]
[IGA, MIDLAND, TRUCK3]
[SPUDSHED, BALDIVIS, TRUCK1]
[WOODLANDS FRESH FARMER JACKS, WOODLANDS, TRUCK2]
[IGA, EAST VIC PARK, TRUCK2]
[WOODLANDS FRESH FARMER JACKS, WOODLANDS, TRUCK2]
[WOODLANDS FRESH FARMER JACKS, WOODLANDS, TRUCK2]
[SPUDSHED, BALDIVIS, TRUCK1]
[SPUDSHED, BALDIVIS, TRUCK1]
[IGA, MIDLAND, TRUCK3]
[SPUDSHED, BALDIVIS, TRUCK1]
[SPUDSHED, BALDIVIS, TRUCK1]
[IGA, EAST VIC PARK, TRUCK2]
[WOODLANDS FRESH FARMER JACKS, WOODLANDS, TRUCK2]
[IGA, ASHBY, TRUCK1]
[IGA, EAST VIC PARK, TRUCK2]
[IGA, MIDLAND, TRUCK3]
[WOODLANDS FRESH FARMER JACKS, WOODLANDS, TRUCK2]
[SPUDSHED, BUTLER, TRUCK1]
[IGA, MIDLAND, TRUCK3]
[SPUDSHED, BALDIVIS, TRUCK1]
[SPUDSHED, BALDIVIS, TRUCK1]
[IGA, ASHBY, TRUCK1]
[IGA, ASHBY, TRUCK1]
[WOODLANDS FRESH FARMER JACKS, WOODLANDS, TRUCK2]
[SPUDSHED, BUTLER, TRUCK1]
[SPUDSHED, BUTLER, TRUCK1]
[IGA, EAST VIC PARK, TRUCK2]
[IGA, ASHBY, TRUCK1]
[SPUDSHED, BUTLER, TRUCK1]
[SPUDSHED, BALDIVIS, TRUCK1]
[SPUDSHED, BALDIVIS, TRUCK1]
[IGA, MIDLAND, TRUCK3]
[IGA, ASHBY, TRUCK1]
[IGA, EAST VIC PARK, TRUCK2]
[IGA, ASHBY, TRUCK1]
[WOODLANDS FRESH FARMER JACKS, WOODLANDS, TRUCK2]
[IGA, ASHBY, TRUCK1]
[IGA, EAST VIC PARK, TRUCK2]
[WOODLANDS FRESH FARMER JACKS, WOODLANDS, TRUCK2]
[SPUDSHED, BALDIVIS, TRUCK1]
[SPUDSHED, BUTLER, TRUCK1]
[WOODLANDS FRESH FARMER JACKS, WOODLANDS, TRUCK2]
[IGA, ASHBY, TRUCK1]
[SPUDSHED, BUTLER, TRUCK1]
[IGA, ASHBY, TRUCK1]
[SPUDSHED, BALDIVIS, TRUCK1]
[IGA, MIDLAND, TRUCK3]
[IGA, MIDLAND, TRUCK3]
[SPUDSHED, BALDIVIS, TRUCK1]
[IGA, EAST VIC PARK, TRUCK2]
[IGA, MIDLAND, TRUCK3]
[SPUDSHED, BALDIVIS, TRUCK1]
[SPUDSHED, BUTLER, TRUCK1]
[IGA, EAST VIC PARK, TRUCK2]
[IGA, EAST VIC PARK, TRUCK2]
[IGA, MIDLAND, TRUCK3]
[WOODLANDS FRESH FARMER JACKS, WOODLANDS, TRUCK2]
[IGA, EAST VIC PARK, TRUCK2]
[SPUDSHED, BALDIVIS, TRUCK1]
[SPUDSHED, BUTLER, TRUCK1]
[SPUDSHED, BUTLER, TRUCK1]
[SPUDSHED, BUTLER, TRUCK1]
[IGA, MIDLAND, TRUCK3]
[SPUDSHED, BUTLER, TRUCK1]
[IGA, MIDLAND, TRUCK3]
[IGA, ASHBY, TRUCK1]
[IGA, EAST VIC PARK, TRUCK2]
[IGA, ASHBY, TRUCK1]
[IGA, MIDLAND, TRUCK3]
[IGA, EAST VIC PARK, TRUCK2]
[SPUDSHED, BUTLER, TRUCK1]
[SPUDSHED, BUTLER, TRUCK1]
[IGA, MIDLAND, TRUCK3]
[SPUDSHED, BUTLER, TRUCK1]
[IGA, EAST VIC PARK, TRUCK2]
[SPUDSHED, BALDIVIS, TRUCK1]
[SPUDSHED, BUTLER, TRUCK1]
[WOODLANDS FRESH FARMER JACKS, WOODLANDS, TRUCK2]
[IGA, ASHBY, TRUCK1]
[IGA, MIDLAND, TRUCK3]
[WOODLANDS FRESH FARMER JACKS, WOODLANDS, TRUCK2]
[IGA, MIDLAND, TRUCK3]
[SPUDSHED, BALDIVIS, TRUCK1]
[SPUDSHED, BUTLER, TRUCK1]
[SPUDSHED, BUTLER, TRUCK1]
[IGA, MIDLAND, TRUCK3]
[SPUDSHED, BALDIVIS, TRUCK1]
[IGA, EAST VIC PARK, TRUCK2]
[WOODLANDS FRESH FARMER JACKS, WOODLANDS, TRUCK2]
[IGA, ASHBY, TRUCK1]
[SPUDSHED, BALDIVIS, TRUCK1]
[IGA, ASHBY, TRUCK1]
[SPUDSHED, BUTLER, TRUCK1]
[SPUDSHED, BALDIVIS, TRUCK1]
[IGA, MIDLAND, TRUCK3]
[IGA, EAST VIC PARK, TRUCK2]
[IGA, MIDLAND, TRUCK3]
[SPUDSHED, BUTLER, TRUCK1]
[SPUDSHED, BUTLER, TRUCK1]
[SPUDSHED, BUTLER, TRUCK1]
[SPUDSHED, BUTLER, TRUCK1]
[IGA, ASHBY, TRUCK1]
[IGA, MIDLAND, TRUCK3]
[IGA, MIDLAND, TRUCK3]
[WOODLANDS FRESH FARMER JACKS, WOODLANDS, TRUCK2]
[IGA, ASHBY, TRUCK1]
[SPUDSHED, BALDIVIS, TRUCK1]
[SPUDSHED, BALDIVIS, TRUCK1]
[SPUDSHED, BUTLER, TRUCK1]
[IGA, EAST VIC PARK, TRUCK2]
[IGA, EAST VIC PARK, TRUCK2]
[IGA, EAST VIC PARK, TRUCK2]
[IGA, EAST VIC PARK, TRUCK2]
